Camera,eventStart,eventEnd,observationLevel,observationType,cameraSetupType,scientificName,count,lifeStage,sex,behavior,individualID,individualPositionRadius,individualPositionAngle,individualSpeed,bboxX,bboxY,bboxWidth,bboxHeight,classificationMethod,classifiedBy,classificationTimestamp,classificationProbability,observationTags,observationComments
Camera 1,2022-02-07T19:00:24+01:00,2022-02-07T19:00:24+01:00,event,animal,,Lepus europaeus,1.0,,,,,,,,,,,,machine,Max Philipp Dannnenbaum,2025-01-08T13:42:12Z,1.0,,
Camera 1,2022-02-07T19:00:24+01:00,2022-02-07T19:00:24+01:00,event,animal,,Capreolus capreolus,1.0,,,,,,,,,,,,human,Max Philipp Dannnenbaum,2025-01-08T13:42:12Z,1.0,,
Camera 1,2022-02-14T09:20:13+01:00,2022-02-14T09:24:09+01:00,event,animal,,Canis lupus familiaris,1.0,,,,,,,,,,,,human,Max Philipp Dannnenbaum,2025-01-08T13:43:34Z,1.0,,
Camera 1,2022-02-14T09:20:13+01:00,2022-02-14T09:24:09+01:00,event,animal,,Canis lupus familiaris,1.0,,,,,,,,,,,,machine,Max Philipp Dannnenbaum,2025-01-08T13:43:34Z,1.0,,
Camera 1,2022-02-18T01:11:06+01:00,2022-02-18T01:11:06+01:00,event,animal,,Lepus europaeus,1.0,,,,,,,,,,,,human,Max Philipp Dannnenbaum,2025-01-08T13:44:42Z,1.0,,
Camera 1,2022-02-19T11:55:55+01:00,2022-02-19T11:56:36+01:00,event,animal,,Canis lupus familiaris,1.0,,,,,,,,,,,,human,Max Philipp Dannnenbaum,2025-01-08T13:44:51Z,1.0,,
Camera 1,2022-02-19T11:55:55+01:00,2022-02-19T11:56:36+01:00,event,animal,,Canis lupus familiaris,1.0,,,,,,,,,,,,machine,Max Philipp Dannnenbaum,2025-01-08T13:44:51Z,1.0,,
Camera 1,2022-03-08T01:16:41+01:00,2022-03-08T01:16:41+01:00,event,animal,,Capreolus capreolus,1.0,,,,,,,,,,,,human,Max Philipp Dannnenbaum,2025-01-08T13:47:49Z,1.0,,
Camera 1,2022-03-08T01:16:41+01:00,2022-03-08T01:16:41+01:00,event,animal,,Lepus europaeus,1.0,,,,,,,,,,,,machine,Max Philipp Dannnenbaum,2025-01-08T13:47:49Z,1.0,,
Camera 1,2022-04-15T02:09:36+01:00,2022-04-15T02:12:01+01:00,event,animal,,Lepus europaeus,1.0,,,,,,,,,,,,machine,Max Philipp Dannnenbaum,2025-01-09T13:57:13Z,1.0,,
Camera 1,2022-04-15T02:09:36+01:00,2022-04-15T02:12:01+01:00,event,animal,,Capreolus capreolus,1.0,,,,,,,,,,,,human,Max Philipp Dannnenbaum,2025-01-09T13:57:13Z,1.0,,
Camera 1,2022-04-22T05:00:11+01:00,2022-04-22T05:00:11+01:00,event,animal,,Capreolus capreolus,1.0,,,,,,,,,,,,human,Elias Sari Effenberg,2025-01-09T14:06:21Z,1.0,,
Camera 1,2022-04-22T05:00:11+01:00,2022-04-22T05:00:11+01:00,event,animal,,Vulpes vulpes,1.0,,,,,,,,,,,,machine,Elias Sari Effenberg,2025-01-09T14:06:21Z,1.0,,
Camera 1,2022-04-22T05:26:56+01:00,2022-04-22T05:26:56+01:00,event,animal,,Capreolus capreolus,1.0,,,,,,,,,,,,human,Elias Sari Effenberg,2025-01-09T14:06:27Z,1.0,,
Camera 1,2022-04-23T02:30:28+01:00,2022-04-23T02:30:28+01:00,event,animal,,Capreolus capreolus,1.0,,,,,,,,,,,,human,Elias Sari Effenberg,2025-01-09T14:07:00Z,1.0,,
Camera 1,2022-04-23T02:30:28+01:00,2022-04-23T02:30:28+01:00,event,animal,,Lepus europaeus,1.0,,,,,,,,,,,,machine,Elias Sari Effenberg,2025-01-09T14:07:00Z,1.0,,
Camera 1,2022-04-23T03:44:39+01:00,2022-04-23T03:44:39+01:00,event,animal,,Capreolus capreolus,1.0,,,,,,,,,,,,human,Elias Sari Effenberg,2025-01-09T14:07:07Z,1.0,,
Camera 1,2022-04-24T02:37:36+01:00,2022-04-24T02:37:36+01:00,event,animal,,Capreolus capreolus,1.0,,,,,,,,,,,,human,Elias Sari Effenberg,2025-01-09T14:08:09Z,1.0,,
Camera 1,2022-04-24T05:18:35+01:00,2022-04-24T05:18:35+01:00,event,animal,,Capreolus capreolus,1.0,,,,,,,,,,,,machine,Elias Sari Effenberg,2025-01-09T14:08:18Z,1.0,,
Camera 1,2022-04-24T05:18:35+01:00,2022-04-24T05:18:35+01:00,event,animal,,Capreolus capreolus,1.0,,,,,,,,,,,,human,Elias Sari Effenberg,2025-01-09T14:08:18Z,1.0,,
Camera 1,2022-04-25T00:45:00+01:00,2022-04-25T00:45:00+01:00,event,animal,,Capreolus capreolus,1.0,,,,,,,,,,,,human,Elias Sari Effenberg,2025-01-09T16:25:45Z,1.0,,
Camera 1,2022-04-25T00:45:00+01:00,2022-04-25T00:45:00+01:00,event,animal,,Lepus europaeus,1.0,,,,,,,,,,,,machine,Elias Sari Effenberg,2025-01-09T16:25:45Z,1.0,,
Camera 1,2022-04-25T02:06:55+01:00,2022-04-25T02:06:55+01:00,event,animal,,Capreolus capreolus,1.0,,,,,,,,,,,,human,Elias Sari Effenberg,2025-01-09T14:09:20Z,1.0,,
Camera 1,2022-04-25T02:06:55+01:00,2022-04-25T02:06:55+01:00,event,animal,,Capreolus capreolus,1.0,,,,,,,,,,,,machine,Elias Sari Effenberg,2025-01-09T14:09:20Z,1.0,,
Camera 1,2022-04-25T02:06:55+01:00,2022-04-25T02:06:55+01:00,event,animal,,Capreolus capreolus,1.0,,,,,,,,,,,,human,Elias Sari Effenberg,2025-01-09T14:09:20Z,1.0,,
Camera 1,2022-04-25T02:51:02+01:00,2022-04-25T02:51:02+01:00,event,animal,,Capreolus capreolus,1.0,,,,,,,,,,,,human,Elias Sari Effenberg,2025-01-09T14:11:29Z,1.0,,
Camera 1,2022-04-29T10:13:08+01:00,2022-04-29T10:19:06+01:00,event,animal,,Capra hircus,1.0,,,,,,,,,,,,machine,Elias Sari Effenberg,2025-01-09T16:30:32Z,1.0,,
Camera 1,2022-06-02T16:24:21+01:00,2022-06-02T16:24:21+01:00,event,animal,,Canis lupus familiaris,1.0,,,,,,,,,,,,machine,Elias Sari Effenberg,2025-01-09T16:34:26Z,1.0,,
Camera 1,2022-06-17T12:39:16+01:00,2022-06-17T12:40:17+01:00,event,animal,,Canis lupus familiaris,1.0,,,,,,,,,,,,machine,Elias Sari Effenberg,2025-01-09T16:38:27Z,1.0,,
Camera 1,2022-06-18T22:49:28+01:00,2022-06-18T22:49:28+01:00,event,animal,,Capreolus capreolus,1.0,,,,,,,,,,,,human,Elias Sari Effenberg,2025-01-09T16:40:24Z,1.0,,
Camera 1,2022-06-24T02:28:25+01:00,2022-06-24T02:28:25+01:00,event,animal,,Capreolus capreolus,1.0,,,,,,,,,,,,human,Max Philipp Dannnenbaum,2025-01-10T11:16:29Z,1.0,,
Camera 1,2022-06-27T13:27:23+01:00,2022-06-27T13:27:23+01:00,event,animal,,Lepus europaeus,1.0,,,,,,,,,,,,machine,Western Europe v3,2025-01-09T20:05:24Z,0.73,,
Camera 1,2022-06-29T18:12:29+01:00,2022-06-29T18:12:59+01:00,event,animal,,Turdus,1.0,,,,,,,,,,,,machine,Western Europe v3,2025-01-09T18:29:09Z,0.73,,
Camera 1,2022-07-03T06:25:14+01:00,2022-07-03T06:25:14+01:00,event,animal,,Buteo buteo,1.0,,,,,,,,,,,,machine,Western Europe v3,2025-01-09T19:29:31Z,0.7,,
Camera 1,2022-07-10T16:37:42+01:00,2022-07-10T16:37:42+01:00,event,animal,,Corvus,1.0,,,,,,,,,,,,human,Max Philipp Dannnenbaum,2025-01-10T12:14:18Z,1.0,,
Camera 1,2022-07-12T23:45:21+01:00,2022-07-12T23:45:21+01:00,event,animal,,Capreolus capreolus,1.0,,,,,,,,,,,,machine,Western Europe v3,2025-01-09T20:56:15Z,0.81,,
Camera 1,2022-07-13T03:10:54+01:00,2022-07-13T03:10:54+01:00,event,animal,,Capreolus capreolus,1.0,,,,,,,,,,,,human,Max Philipp Dannnenbaum,2025-01-10T12:53:43Z,1.0,,
Camera 1,2022-07-15T00:47:51+01:00,2022-07-15T00:47:51+01:00,event,animal,,Ovis ammon,1.0,,,,,,,,,,,,machine,Western Europe v3,2025-01-09T18:47:39Z,0.77,,
Camera 1,2022-07-17T16:28:36+01:00,2022-07-17T16:29:12+01:00,event,animal,,Canis lupus familiaris,1.0,,,,,,,,,,,,machine,Western Europe v3,2025-01-09T18:19:21Z,0.82,,
Camera 1,2022-07-19T01:42:45+01:00,2022-07-19T01:43:16+01:00,event,animal,,Cervus elaphus,1.0,,,,,,,,,,,,machine,Western Europe v3,2025-01-09T19:49:18Z,0.79,,
Camera 1,2022-07-19T03:07:28+01:00,2022-07-19T03:07:28+01:00,event,animal,,Capreolus capreolus,1.0,,,,,,,,,,,,human,Max Philipp Dannnenbaum,2025-01-10T14:20:49Z,1.0,,
Camera 1,2022-07-22T11:49:26+01:00,2022-07-22T11:52:15+01:00,event,animal,,Canis lupus familiaris,1.0,,,,,,,,,,,,machine,Western Europe v3,2025-01-09T19:49:33Z,0.77,,
Camera 1,2022-07-22T17:28:08+01:00,2022-07-22T17:28:08+01:00,event,animal,,Ardea cinerea,1.0,,,,,,,,,,,,machine,Western Europe v3,2025-01-09T18:39:07Z,0.82,,
Camera 1,2022-07-26T23:40:40+01:00,2022-07-26T23:40:40+01:00,event,animal,,Capreolus capreolus,1.0,,,,,,,,,,,,human,Max Philipp Dannnenbaum,2025-01-10T14:24:27Z,1.0,,
Camera 1,2022-07-30T00:45:21+01:00,2022-07-30T00:45:21+01:00,event,animal,,Capreolus capreolus,1.0,,,,,,,,,,,,human,Max Philipp Dannnenbaum,2025-01-10T14:26:04Z,1.0,,
Camera 1,2022-07-31T05:27:17+01:00,2022-07-31T05:27:17+01:00,event,animal,,Capreolus capreolus,1.0,,,,,,,,,,,,human,Max Philipp Dannnenbaum,2025-01-10T14:27:17Z,1.0,,
Camera 1,2022-08-06T23:41:48+01:00,2022-08-06T23:41:48+01:00,event,animal,,Capreolus capreolus,1.0,,,,,,,,,,,,machine,Western Europe v3,2025-01-09T20:23:06Z,0.89,,
Camera 1,2022-08-14T01:33:47+01:00,2022-08-14T01:33:47+01:00,event,animal,,Capreolus capreolus,1.0,,,,,,,,,,,,machine,Western Europe v3,2025-01-09T18:40:20Z,0.78,,
Camera 1,2022-08-24T03:35:47+01:00,2022-08-24T03:35:47+01:00,event,animal,,Ovis ammon,1.0,,,,,,,,,,,,machine,Western Europe v3,2025-01-09T19:14:27Z,0.77,,
Camera 1,2022-11-15T14:50:59+01:00,2022-11-15T14:50:59+01:00,event,animal,,Corvus,1.0,,,,,,,,,,,,human,Max Philipp Dannnenbaum,2025-01-10T14:28:52Z,1.0,,
Camera 1,2022-11-19T15:18:57+01:00,2022-11-19T15:18:57+01:00,event,animal,,Parus major,1.0,,,,,,,,,,,,human,Max Philipp Dannnenbaum,2025-01-10T14:32:30Z,1.0,,
Camera 1,2023-05-27T07:52:10+01:00,2023-05-27T07:52:10+01:00,event,animal,,Capreolus capreolus,1.0,,,,,,,,,,,,human,Max Philipp Dannnenbaum,2025-01-10T14:36:33Z,1.0,,
Camera 1,2023-06-04T00:31:47+01:00,2023-06-04T00:33:40+01:00,event,animal,,Capreolus capreolus,1.0,,,,,,,,,,,,machine,Western Europe v3,2025-01-09T21:18:49Z,0.73,,
Camera 1,2023-06-14T01:11:44+01:00,2023-06-14T01:11:44+01:00,event,animal,,Capreolus capreolus,1.0,,,,,,,,,,,,human,Max Philipp Dannnenbaum,2025-01-10T14:37:56Z,1.0,,
Camera 1,2023-06-15T03:49:37+01:00,2023-06-15T03:49:37+01:00,event,animal,,Felis catus,1.0,,,,,,,,,,,,human,Max Philipp Dannnenbaum,2025-01-10T14:38:35Z,1.0,,
Camera 1,2023-07-02T13:38:19+01:00,2023-07-02T13:41:43+01:00,event,animal,,Canis lupus familiaris,1.0,,,,,,,,,,,,machine,Western Europe v3,2025-01-09T17:13:35Z,0.88,,
Camera 1,2023-07-06T04:50:35+01:00,2023-07-06T04:50:35+01:00,event,animal,,Capreolus capreolus,1.0,,,,,,,,,,,,human,Max Philipp Dannnenbaum,2025-01-10T14:39:11Z,1.0,,
Camera 1,2023-07-06T05:02:17+01:00,2023-07-06T05:02:17+01:00,event,animal,,Capreolus capreolus,1.0,,,,,,,,,,,,machine,Western Europe v3,2025-01-09T21:20:23Z,0.8,,
Camera 1,2023-07-06T20:07:34+01:00,2023-07-06T20:09:20+01:00,event,animal,,Canis lupus familiaris,1.0,,,,,,,,,,,,machine,Western Europe v3,2025-01-09T21:27:26Z,0.76,,
Camera 1,2023-07-11T00:38:47+01:00,2023-07-11T00:38:47+01:00,event,animal,,Capreolus capreolus,1.0,,,,,,,,,,,,human,Max Philipp Dannnenbaum,2025-01-10T14:40:43Z,1.0,,
Camera 1,2023-07-15T05:09:36+01:00,2023-07-15T05:09:36+01:00,event,animal,,Capreolus capreolus,1.0,,,,,,,,,,,,machine,Western Europe v3,2025-01-09T20:13:53Z,0.75,,
Camera 1,2023-07-24T05:43:32+01:00,2023-07-24T05:44:14+01:00,event,animal,,Capreolus capreolus,1.0,,,,,,,,,,,,machine,Western Europe v3,2025-01-09T21:28:16Z,0.79,,
Camera 1,2023-08-04T22:31:18+01:00,2023-08-04T22:31:52+01:00,event,animal,,Capreolus capreolus,1.0,,,,,,,,,,,,human,Max Philipp Dannnenbaum,2025-01-10T14:41:03Z,1.0,,
Camera 1,2023-08-19T15:41:08+01:00,2023-08-19T15:41:08+01:00,event,animal,,Canis lupus familiaris,1.0,,,,,,,,,,,,machine,Western Europe v3,2025-01-09T21:20:38Z,0.83,,
Camera 1,2023-08-19T15:52:24+01:00,2023-08-19T15:55:16+01:00,event,animal,,Canis lupus familiaris,1.0,,,,,,,,,,,,machine,Western Europe v3,2025-01-09T21:29:06Z,0.84,,
Camera 1,2023-08-19T17:14:20+01:00,2023-08-19T17:14:20+01:00,event,animal,,Canis lupus familiaris,1.0,,,,,,,,,,,,machine,Western Europe v3,2025-01-09T21:31:52Z,0.83,,
Camera 1,2023-08-19T17:53:39+01:00,2023-08-19T17:56:28+01:00,event,animal,,Canis lupus familiaris,1.0,,,,,,,,,,,,machine,Western Europe v3,2025-01-09T21:25:44Z,0.82,,
Camera 1,2023-08-31T20:40:04+01:00,2023-08-31T20:40:04+01:00,event,animal,,Capreolus capreolus,1.0,,,,,,,,,,,,human,Max Philipp Dannnenbaum,2025-01-11T11:08:12Z,1.0,,
Camera 1,2023-10-14T21:06:10+01:00,2023-10-14T21:06:10+01:00,event,animal,,Capreolus capreolus,1.0,,,,,,,,,,,,human,Max Philipp Dannnenbaum,2025-01-11T11:08:21Z,1.0,,
Camera 1,2023-10-14T22:08:04+01:00,2023-10-14T22:09:07+01:00,event,animal,,Lepus europaeus,1.0,,,,,,,,,,,,machine,Western Europe v3,2025-01-09T21:26:15Z,0.73,,
Camera 1,2023-11-28T17:21:29+01:00,2023-11-28T17:21:29+01:00,event,animal,,Felis catus,1.0,,,,,,,,,,,,human,Max Philipp Dannnenbaum,2025-01-11T11:08:49Z,1.0,,
Camera 1,2023-12-05T03:31:08+01:00,2023-12-05T03:31:08+01:00,event,animal,,Muntiacus reevesi,1.0,,,,,,,,,,,,machine,Western Europe v3,2025-01-09T21:39:49Z,0.75,,
Camera 1,2023-12-14T18:08:02+01:00,2023-12-14T18:08:02+01:00,event,animal,,Felis catus,1.0,,,,,,,,,,,,human,Max Philipp Dannnenbaum,2025-01-11T11:09:00Z,1.0,,
Camera 1,2023-12-16T18:13:21+01:00,2023-12-16T18:13:21+01:00,event,animal,,Felis catus,1.0,,,,,,,,,,,,human,Max Philipp Dannnenbaum,2025-01-11T11:09:19Z,1.0,,
Camera 1,2023-12-27T17:43:22+01:00,2023-12-27T17:43:22+01:00,event,animal,,Felis catus,1.0,,,,,,,,,,,,human,Max Philipp Dannnenbaum,2025-01-11T11:09:29Z,1.0,,
Camera 1,2024-01-14T22:51:53+01:00,2024-01-14T22:51:53+01:00,event,animal,,Capreolus capreolus,1.0,,,,,,,,,,,,human,Max Philipp Dannnenbaum,2025-01-11T11:09:49Z,1.0,,
Camera 1,2024-02-27T04:22:45+01:00,2024-02-27T04:22:45+01:00,event,animal,,Capreolus capreolus,1.0,,,,,,,,,,,,human,Max Philipp Dannnenbaum,2025-01-11T11:10:53Z,1.0,,
Camera 1,2024-03-18T06:33:54+01:00,2024-03-18T06:33:54+01:00,event,animal,,Capreolus capreolus,1.0,,,,,,,,,,,,human,Max Philipp Dannnenbaum,2025-01-11T11:11:01Z,1.0,,
Camera 1,2024-03-18T07:18:57+01:00,2024-03-18T07:18:57+01:00,event,animal,,Lepus europaeus,1.0,,,,,,,,,,,,machine,Western Europe v3,2025-01-09T17:56:09Z,0.83,,
Camera 1,2024-03-19T00:57:58+01:00,2024-03-19T00:57:58+01:00,event,animal,,Capreolus capreolus,1.0,,,,,,,,,,,,machine,Western Europe v3,2025-01-09T17:55:58Z,0.9,,
Camera 1,2024-03-19T03:50:07+01:00,2024-03-19T03:50:07+01:00,event,animal,,Capreolus capreolus,1.0,,,,,,,,,,,,human,Max Philipp Dannnenbaum,2025-01-11T11:11:10Z,1.0,,
Camera 1,2024-03-20T23:37:59+01:00,2024-03-20T23:37:59+01:00,event,animal,,Capreolus capreolus,1.0,,,,,,,,,,,,machine,Western Europe v3,2025-01-09T19:56:18Z,0.87,,
Camera 1,2024-03-22T03:46:38+01:00,2024-03-22T03:46:38+01:00,event,animal,,Capreolus capreolus,1.0,,,,,,,,,,,,machine,Western Europe v3,2025-01-09T18:50:21Z,0.91,,
Camera 1,2024-03-27T04:23:28+01:00,2024-03-27T04:23:28+01:00,event,animal,,Capreolus capreolus,1.0,,,,,,,,,,,,human,Max Philipp Dannnenbaum,2025-01-11T11:11:18Z,1.0,,
Camera 1,2024-04-02T03:09:32+01:00,2024-04-02T03:09:32+01:00,event,animal,,Capreolus capreolus,1.0,,,,,,,,,,,,human,Max Philipp Dannnenbaum,2025-01-11T11:11:32Z,1.0,,
Camera 1,2024-04-09T23:59:05+01:00,2024-04-09T23:59:05+01:00,event,animal,,Capreolus capreolus,1.0,,,,,,,,,,,,human,Max Philipp Dannnenbaum,2025-01-11T11:11:41Z,1.0,,
Camera 1,2024-04-10T00:31:32+01:00,2024-04-10T00:32:26+01:00,event,animal,,Lepus europaeus,1.0,,,,,,,,,,,,machine,Western Europe v3,2025-01-09T20:27:15Z,0.83,,
Camera 1,2024-04-10T07:21:22+01:00,2024-04-10T07:21:22+01:00,event,animal,,Capreolus capreolus,1.0,,,,,,,,,,,,machine,Western Europe v3,2025-01-09T17:43:51Z,0.91,,
Camera 1,2024-04-10T07:29:01+01:00,2024-04-10T07:29:01+01:00,event,animal,,Capreolus capreolus,1.0,,,,,,,,,,,,machine,Western Europe v3,2025-01-09T21:48:10Z,0.91,,
Camera 1,2024-05-03T01:21:43+01:00,2024-05-03T01:21:43+01:00,event,animal,,Capreolus capreolus,1.0,,,,,,,,,,,,human,Max Philipp Dannnenbaum,2025-01-11T11:13:35Z,1.0,,
Camera 1,2024-05-04T00:23:06+01:00,2024-05-04T00:23:06+01:00,event,animal,,Capreolus capreolus,1.0,,,,,,,,,,,,human,Max Philipp Dannnenbaum,2025-01-11T11:14:01Z,1.0,,
Camera 1,2024-05-07T07:41:57+01:00,2024-05-07T07:41:57+01:00,event,animal,,Capreolus capreolus,1.0,,,,,,,,,,,,human,Max Philipp Dannnenbaum,2025-01-11T11:14:10Z,1.0,,
Camera 1,2024-05-16T01:49:51+01:00,2024-05-16T01:49:51+01:00,event,animal,,Capreolus capreolus,1.0,,,,,,,,,,,,human,Max Philipp Dannnenbaum,2025-01-11T11:14:28Z,1.0,,
Camera 1,2024-05-23T00:04:05+01:00,2024-05-23T00:04:05+01:00,event,animal,,Capreolus capreolus,1.0,,,,,,,,,,,,human,Max Philipp Dannnenbaum,2025-01-11T11:14:48Z,1.0,,
Camera 1,2024-06-20T09:21:41+01:00,2024-06-20T09:21:41+01:00,event,animal,,Capreolus capreolus,1.0,,,,,,,,,,,,human,Max Philipp Dannnenbaum,2025-01-11T11:15:09Z,1.0,,
Camera 1,2024-06-20T10:32:52+01:00,2024-06-20T10:32:52+01:00,event,animal,,Capreolus capreolus,1.0,,,,,,,,,,,,human,Max Philipp Dannnenbaum,2025-01-11T11:15:18Z,1.0,,
Camera 1,2024-06-22T06:06:03+01:00,2024-06-22T06:06:03+01:00,event,animal,,Capreolus capreolus,1.0,,,,,,,,,,,,machine,Western Europe v3,2025-01-09T20:14:18Z,0.86,,
Camera 1,2024-06-22T06:08:23+01:00,2024-06-22T06:08:23+01:00,event,animal,,Capreolus capreolus,1.0,,,,,,,,,,,,human,Max Philipp Dannnenbaum,2025-01-11T11:16:14Z,1.0,,
Camera 1,2024-06-22T08:16:32+01:00,2024-06-22T08:16:32+01:00,event,animal,,Capreolus capreolus,1.0,,,,,,,,,,,,human,Max Philipp Dannnenbaum,2025-01-11T11:16:22Z,1.0,,
Camera 1,2024-06-22T08:28:42+01:00,2024-06-22T08:28:42+01:00,event,animal,,Capreolus capreolus,1.0,,,,,,,,,,,,human,Max Philipp Dannnenbaum,2025-01-11T11:16:29Z,1.0,,
Camera 3,2023-11-29T17:10:23+01:00,2023-11-29T17:10:23+01:00,event,animal,,Capreolus capreolus,1.0,,,,,,,,,,,,human,Max Philipp Dannnenbaum,2025-02-25T11:29:33Z,1.0,,
Camera 3,2023-12-11T18:33:21+01:00,2023-12-11T18:33:21+01:00,event,animal,,Capreolus capreolus,1.0,,,,,,,,,,,,human,Max Philipp Dannnenbaum,2025-02-25T11:29:50Z,1.0,,
Camera 3,2023-12-29T07:01:48+01:00,2023-12-29T07:02:15+01:00,event,animal,,Capreolus capreolus,1.0,,,,,,,,,,,,human,Max Philipp Dannnenbaum,2025-02-25T11:29:55Z,1.0,,
Camera 3,2024-01-02T12:21:18+01:00,2024-01-02T12:21:18+01:00,event,animal,,Capreolus capreolus,1.0,,,,,,,,,,,,human,Max Philipp Dannnenbaum,2025-02-25T11:30:21Z,1.0,,
Camera 3,2024-01-03T21:15:38+01:00,2024-01-03T21:15:38+01:00,event,animal,,Capreolus capreolus,1.0,,,,,,,,,,,,human,Max Philipp Dannnenbaum,2025-02-25T11:30:25Z,1.0,,
Camera 3,2024-01-04T09:40:08+01:00,2024-01-04T09:40:08+01:00,event,animal,,Capreolus capreolus,1.0,,,,,,,,,,,,human,Max Philipp Dannnenbaum,2025-02-25T11:30:29Z,1.0,,
Camera 3,2024-02-11T16:37:29+01:00,2024-02-11T16:37:29+01:00,event,animal,,Capreolus capreolus,1.0,,,,,,,,,,,,human,Max Philipp Dannnenbaum,2025-02-25T11:32:00Z,1.0,,
Camera 3,2024-03-23T22:20:46+01:00,2024-03-23T22:20:46+01:00,event,animal,,Capreolus capreolus,1.0,,,,,,,,,,,,human,Max Philipp Dannnenbaum,2025-02-25T11:33:09Z,1.0,,
Camera 3,2024-03-27T13:50:19+01:00,2024-03-27T13:50:19+01:00,event,animal,,Capreolus capreolus,1.0,,,,,,,,,,,,human,Max Philipp Dannnenbaum,2025-02-25T11:33:46Z,1.0,,
Camera 3,2024-04-01T19:50:44+01:00,2024-04-01T19:50:44+01:00,event,animal,,Capreolus capreolus,1.0,,,,,,,,,,,,human,Max Philipp Dannnenbaum,2025-02-25T11:33:42Z,1.0,,
Camera 3,2024-04-09T03:16:38+01:00,2024-04-09T03:16:38+01:00,event,animal,,Capreolus capreolus,1.0,,,,,,,,,,,,human,Max Philipp Dannnenbaum,2025-02-25T11:34:09Z,1.0,,
Camera 3,2024-04-12T13:21:14+01:00,2024-04-12T13:21:43+01:00,event,animal,,Capreolus capreolus,1.0,,,,,,,,,,,,human,Max Philipp Dannnenbaum,2025-02-25T11:34:22Z,1.0,,
Camera 3,2024-04-12T15:46:29+01:00,2024-04-12T15:46:29+01:00,event,animal,,Capreolus capreolus,1.0,,,,,,,,,,,,human,Max Philipp Dannnenbaum,2025-02-25T11:34:39Z,1.0,,
Camera 3,2024-04-16T22:21:51+01:00,2024-04-16T22:21:51+01:00,event,animal,,Capreolus capreolus,1.0,,,,,,,,,,,,human,Max Philipp Dannnenbaum,2025-02-25T11:35:01Z,1.0,,
Camera 3,2024-04-16T22:43:42+01:00,2024-04-16T22:43:42+01:00,event,animal,,Capreolus capreolus,1.0,,,,,,,,,,,,human,Max Philipp Dannnenbaum,2025-02-25T11:35:15Z,1.0,,
Camera 3,2024-04-16T22:51:11+01:00,2024-04-16T22:51:11+01:00,event,animal,,Capreolus capreolus,1.0,,,,,,,,,,,,human,Max Philipp Dannnenbaum,2025-02-25T11:35:26Z,1.0,,
Camera 3,2024-04-22T16:46:47+01:00,2024-04-22T16:46:47+01:00,event,animal,,Capreolus capreolus,1.0,,,,,,,,,,,,human,Max Philipp Dannnenbaum,2025-02-25T11:35:51Z,1.0,,
Camera 3,2024-04-28T19:16:06+01:00,2024-04-28T19:16:06+01:00,event,animal,,Capreolus capreolus,1.0,,,,,,,,,,,,human,Max Philipp Dannnenbaum,2025-02-25T11:36:03Z,1.0,,
Camera 3,2024-05-08T16:49:04+01:00,2024-05-08T16:49:04+01:00,event,animal,,Capreolus capreolus,1.0,,,,,,,,,,,,human,Max Philipp Dannnenbaum,2025-02-25T11:36:40Z,1.0,,
Camera 3,2024-05-08T16:51:59+01:00,2024-05-08T16:51:59+01:00,event,animal,,Capreolus capreolus,1.0,,,,,,,,,,,,human,Max Philipp Dannnenbaum,2025-02-25T11:36:51Z,1.0,,
Camera 3,2024-05-08T16:59:57+01:00,2024-05-08T17:02:26+01:00,event,animal,,Capreolus capreolus,1.0,,,,,,,,,,,,human,Max Philipp Dannnenbaum,2025-02-25T11:37:05Z,1.0,,
Camera 3,2024-05-08T17:05:48+01:00,2024-05-08T17:07:29+01:00,event,animal,,Capreolus capreolus,1.0,,,,,,,,,,,,human,Max Philipp Dannnenbaum,2025-02-25T11:37:25Z,1.0,,
Camera 3,2024-05-08T17:10:15+01:00,2024-05-08T17:12:14+01:00,event,animal,,Capreolus capreolus,1.0,,,,,,,,,,,,human,Max Philipp Dannnenbaum,2025-02-25T11:37:42Z,1.0,,
Camera 3,2024-05-08T17:18:41+01:00,2024-05-08T17:20:24+01:00,event,animal,,Capreolus capreolus,1.0,,,,,,,,,,,,human,Max Philipp Dannnenbaum,2025-02-25T11:38:06Z,1.0,,
Camera 3,2024-05-08T17:43:26+01:00,2024-05-08T17:43:26+01:00,event,animal,,Capreolus capreolus,1.0,,,,,,,,,,,,human,Max Philipp Dannnenbaum,2025-02-25T11:38:58Z,1.0,,
Camera 3,2024-05-08T17:49:38+01:00,2024-05-08T17:50:19+01:00,event,animal,,Capreolus capreolus,1.0,,,,,,,,,,,,human,Max Philipp Dannnenbaum,2025-02-25T11:43:21Z,1.0,,
Camera 3,2024-05-08T18:08:09+01:00,2024-05-08T18:08:09+01:00,event,animal,,Capreolus capreolus,1.0,,,,,,,,,,,,human,Max Philipp Dannnenbaum,2025-02-25T11:43:33Z,1.0,,
Camera 3,2024-05-08T19:09:28+01:00,2024-05-08T19:09:28+01:00,event,animal,,Capreolus capreolus,1.0,,,,,,,,,,,,human,Max Philipp Dannnenbaum,2025-02-25T11:45:33Z,1.0,,
Camera 3,2024-05-08T19:14:12+01:00,2024-05-08T19:14:12+01:00,event,animal,,Capreolus capreolus,1.0,,,,,,,,,,,,human,Max Philipp Dannnenbaum,2025-02-25T11:45:47Z,1.0,,
Camera 3,2022-02-05T04:56:15+01:00,2022-02-05T04:56:15+01:00,event,animal,,Capreolus capreolus,1.0,,,,,,,,,,,,human,Max Philipp Dannnenbaum,2025-02-25T11:58:38Z,1.0,,
Camera 3,2022-02-15T21:51:14+01:00,2022-02-15T21:51:14+01:00,event,animal,,Capreolus capreolus,1.0,,,,,,,,,,,,human,Max Philipp Dannnenbaum,2025-02-25T11:59:19Z,1.0,,
Camera 3,2022-03-30T07:13:23+01:00,2022-03-30T07:13:23+01:00,event,animal,,Turdus merula,3.0,,,,,,,,,,,,human,Max Philipp Dannnenbaum,2025-02-25T12:21:17Z,1.0,,
Camera 3,2022-04-06T00:38:51+01:00,2022-04-06T00:38:51+01:00,event,animal,,Capreolus capreolus,1.0,,,,,,,,,,,,human,Max Philipp Dannnenbaum,2025-02-25T12:21:45Z,1.0,,
Camera 3,2022-04-25T05:12:24+01:00,2022-04-25T05:13:50+01:00,event,animal,,Capreolus capreolus,1.0,,,,,,,,,,,,human,Max Philipp Dannnenbaum,2025-02-25T12:22:01Z,1.0,,
Camera 3,2022-05-05T00:01:03+01:00,2022-05-05T00:01:03+01:00,event,animal,,Capreolus capreolus,1.0,,,,,,,,,,,,human,Max Philipp Dannnenbaum,2025-02-25T12:23:54Z,1.0,,
Camera 3,2022-05-05T23:33:27+01:00,2022-05-05T23:33:27+01:00,event,animal,,Capreolus capreolus,1.0,,,,,,,,,,,,human,Max Philipp Dannnenbaum,2025-02-25T12:24:23Z,1.0,,
Camera 3,2023-07-02T13:23:06+01:00,2023-07-02T13:23:58+01:00,event,animal,,Canis lupus,1.0,,,,,,,,,,,,human,Max Philipp Dannnenbaum,2025-02-25T12:33:37Z,1.0,,
Camera 2,2022-12-04T00:29:08+01:00,2022-12-04T00:29:08+01:00,event,animal,,Lepus europaeus,1.0,,,,,,,,,,,,machine,Max Philipp Dannnenbaum,2025-01-05T11:53:34Z,1.0,,
Camera 2,2022-12-04T00:29:08+01:00,2022-12-04T00:29:08+01:00,event,animal,,Capreolus capreolus,1.0,,,,,,,,,,,,human,Max Philipp Dannnenbaum,2025-01-05T11:53:34Z,1.0,,
Camera 2,2022-12-04T07:25:46+01:00,2022-12-04T07:25:46+01:00,event,animal,,Capreolus capreolus,1.0,,,,,,,,,,,,human,Max Philipp Dannnenbaum,2025-01-03T12:29:47Z,1.0,,
Camera 2,2022-12-05T01:49:20+01:00,2022-12-05T01:49:20+01:00,event,animal,,Capreolus capreolus,1.0,,,,,,,,,,,,human,Max Philipp Dannnenbaum,2025-01-03T12:30:11Z,1.0,,
Camera 2,2022-12-10T01:06:48+01:00,2022-12-10T01:06:48+01:00,event,animal,,Capreolus capreolus,1.0,,,,,,,,,,,,machine,Western Europe v3,2024-12-21T00:10:51Z,0.87,,
Camera 2,2022-12-18T22:24:02+01:00,2022-12-18T22:24:02+01:00,event,animal,,Oryctolagus cuniculus,1.0,,,,,,,,,,,,machine,Western Europe v3,2024-12-21T00:11:13Z,0.77,,
Camera 2,2022-12-26T03:03:14+01:00,2022-12-26T03:03:14+01:00,event,animal,,Capreolus capreolus,1.0,,,,,,,,,,,,machine,Western Europe v3,2024-12-21T00:09:30Z,0.91,,
Camera 2,2022-12-26T04:57:54+01:00,2022-12-26T04:57:54+01:00,event,animal,,Capreolus capreolus,1.0,,,,,,,,,,,,human,Max Philipp Dannnenbaum,2025-01-05T11:54:14Z,1.0,,
Camera 2,2022-12-30T02:12:16+01:00,2022-12-30T02:12:16+01:00,event,animal,,Lepus europaeus,1.0,,,,,,,,,,,,machine,Western Europe v3,2024-12-21T00:11:49Z,0.8,,
Camera 2,2022-12-30T02:45:44+01:00,2022-12-30T02:45:44+01:00,event,animal,,Capreolus capreolus,1.0,,,,,,,,,,,,human,Max Philipp Dannnenbaum,2025-01-05T11:54:34Z,1.0,,
Camera 2,2023-01-03T00:11:22+01:00,2023-01-03T00:11:22+01:00,event,animal,,Capreolus capreolus,1.0,,,,,,,,,,,,human,Max Philipp Dannnenbaum,2025-01-05T11:54:51Z,1.0,,
Camera 2,2023-01-04T01:26:02+01:00,2023-01-04T01:26:02+01:00,event,animal,,Oryctolagus cuniculus,1.0,,,,,,,,,,,,machine,Western Europe v3,2024-12-21T00:12:21Z,0.77,,
Camera 2,2023-01-04T01:42:34+01:00,2023-01-04T01:42:34+01:00,event,animal,,Capreolus capreolus,1.0,,,,,,,,,,,,machine,Western Europe v3,2024-12-21T00:12:31Z,0.72,,
Camera 2,2023-01-06T06:01:28+01:00,2023-01-06T06:02:16+01:00,event,animal,,Capreolus capreolus,1.0,,,,,,,,,,,,machine,Western Europe v3,2024-12-21T00:12:45Z,0.85,,
Camera 2,2023-01-08T06:39:28+01:00,2023-01-08T06:39:28+01:00,event,animal,,Capreolus capreolus,1.0,,,,,,,,,,,,human,Max Philipp Dannnenbaum,2025-01-05T19:26:35Z,1.0,,
Camera 2,2023-01-08T06:49:28+01:00,2023-01-08T06:49:28+01:00,event,animal,,Capreolus capreolus,1.0,,,,,,,,,,,,human,Max Philipp Dannnenbaum,2025-01-05T11:55:30Z,1.0,,
Camera 2,2023-01-08T08:06:32+01:00,2023-01-08T08:06:32+01:00,event,animal,,Capreolus capreolus,1.0,,,,,,,,,,,,machine,Western Europe v3,2024-12-21T00:13:28Z,0.88,,
Camera 2,2023-01-08T08:09:34+01:00,2023-01-08T08:09:34+01:00,event,animal,,Capreolus capreolus,1.0,,,,,,,,,,,,machine,Western Europe v3,2024-12-21T00:13:18Z,0.74,,
Camera 2,2023-01-10T01:49:08+01:00,2023-01-10T01:49:08+01:00,event,animal,,Capreolus capreolus,1.0,,,,,,,,,,,,human,Max Philipp Dannnenbaum,2025-01-05T11:55:34Z,1.0,,
Camera 2,2023-01-10T04:38:22+01:00,2023-01-10T04:38:22+01:00,event,animal,,Capreolus capreolus,1.0,,,,,,,,,,,,machine,Western Europe v3,2024-12-21T00:13:38Z,0.88,,
Camera 2,2023-01-10T07:38:46+01:00,2023-01-10T07:38:46+01:00,event,animal,,Capreolus capreolus,1.0,,,,,,,,,,,,human,Max Philipp Dannnenbaum,2025-01-05T11:55:41Z,1.0,,
Camera 2,2023-01-10T19:46:42+01:00,2023-01-10T19:46:42+01:00,event,animal,,Capreolus capreolus,1.0,,,,,,,,,,,,human,Max Philipp Dannnenbaum,2025-01-05T11:55:58Z,1.0,,
Camera 2,2023-01-10T19:51:04+01:00,2023-01-10T19:51:04+01:00,event,animal,,Ovis ammon,1.0,,,,,,,,,,,,machine,Western Europe v3,2024-12-21T01:32:42Z,0.78,,
Camera 2,2023-01-13T19:53:42+01:00,2023-01-13T19:53:42+01:00,event,animal,,Capreolus capreolus,1.0,,,,,,,,,,,,human,Max Philipp Dannnenbaum,2025-01-05T11:56:09Z,1.0,,
Camera 2,2023-01-16T07:05:14+01:00,2023-01-16T07:05:48+01:00,event,animal,,Lepus europaeus,1.0,,,,,,,,,,,,machine,Western Europe v3,2024-12-21T00:14:23Z,0.84,,
Camera 2,2023-01-17T06:59:32+01:00,2023-01-17T06:59:32+01:00,event,animal,,Capreolus capreolus,1.0,,,,,,,,,,,,machine,Western Europe v3,2024-12-21T01:30:05Z,0.9,,
Camera 2,2023-01-18T02:13:48+01:00,2023-01-18T02:13:48+01:00,event,animal,,Capreolus capreolus,1.0,,,,,,,,,,,,human,Max Philipp Dannnenbaum,2025-01-05T11:57:40Z,1.0,,
Camera 2,2023-01-19T02:32:48+01:00,2023-01-19T02:32:48+01:00,event,animal,,Dama dama,1.0,,,,,,,,,,,,machine,Western Europe v3,2024-12-21T01:30:41Z,0.77,,
Camera 2,2023-01-23T05:09:34+01:00,2023-01-23T05:09:34+01:00,event,animal,,Capreolus capreolus,1.0,,,,,,,,,,,,human,Max Philipp Dannnenbaum,2025-01-05T11:57:48Z,1.0,,
Camera 2,2023-01-23T06:56:00+01:00,2023-01-23T06:57:10+01:00,event,animal,,Capreolus capreolus,1.0,,,,,,,,,,,,machine,Western Europe v3,2024-12-21T00:15:23Z,0.88,,
Camera 2,2023-01-23T06:56:00+01:00,2023-01-23T06:57:10+01:00,event,animal,,Lepus europaeus,1.0,,,,,,,,,,,,machine,Western Europe v3,2024-12-21T00:15:26Z,0.87,,
Camera 2,2023-01-23T07:17:28+01:00,2023-01-23T07:17:28+01:00,event,animal,,Capreolus capreolus,1.0,,,,,,,,,,,,human,Max Philipp Dannnenbaum,2025-01-05T11:57:55Z,1.0,,
Camera 2,2023-01-23T07:20:32+01:00,2023-01-23T07:20:32+01:00,event,animal,,Capreolus capreolus,1.0,,,,,,,,,,,,human,Max Philipp Dannnenbaum,2025-01-05T11:58:03Z,1.0,,
Camera 2,2023-01-28T05:05:40+01:00,2023-01-28T05:05:40+01:00,event,animal,,Capreolus capreolus,1.0,,,,,,,,,,,,machine,Western Europe v3,2024-12-21T01:36:04Z,0.87,,
Camera 2,2023-01-28T05:20:02+01:00,2023-01-28T05:37:54+01:00,event,animal,,Capreolus capreolus,2.0,,,,,,,,,,,,human,Max Philipp Dannnenbaum,2025-01-05T13:50:08Z,1.0,,
Camera 2,2023-02-03T00:03:04+01:00,2023-02-03T00:03:04+01:00,event,animal,,Vulpes vulpes,1.0,,,,,,,,,,,,machine,Western Europe v3,2024-12-21T00:16:57Z,0.7,,
Camera 2,2023-02-04T05:40:00+01:00,2023-02-04T05:40:00+01:00,event,animal,,Capreolus capreolus,1.0,,,,,,,,,,,,human,Max Philipp Dannnenbaum,2025-01-05T13:50:59Z,1.0,,
Camera 2,2023-02-09T22:24:30+01:00,2023-02-09T22:24:30+01:00,event,animal,,Capreolus capreolus,1.0,,,,,,,,,,,,human,Max Philipp Dannnenbaum,2025-01-05T13:51:13Z,1.0,,
Camera 2,2023-02-09T23:54:10+01:00,2023-02-09T23:54:10+01:00,event,animal,,Capreolus capreolus,1.0,,,,,,,,,,,,human,Max Philipp Dannnenbaum,2025-01-05T13:52:57Z,1.0,,
Camera 2,2023-02-10T03:40:50+01:00,2023-02-10T03:40:50+01:00,event,animal,,Capreolus capreolus,2.0,,,,,,,,,,,,human,Max Philipp Dannnenbaum,2025-01-05T13:55:35Z,1.0,,
Camera 2,2023-02-10T03:40:50+01:00,2023-02-10T03:40:50+01:00,event,animal,,Capreolus capreolus,1.0,,,,,,,,,,,,human,Max Philipp Dannnenbaum,2025-01-05T13:55:35Z,1.0,,
Camera 2,2023-02-10T03:55:46+01:00,2023-02-10T03:55:46+01:00,event,animal,,Capreolus capreolus,1.0,,,,,,,,,,,,human,Max Philipp Dannnenbaum,2025-01-05T13:56:11Z,1.0,,
Camera 2,2023-02-17T07:51:58+01:00,2023-02-17T07:51:58+01:00,event,animal,,Capreolus capreolus,1.0,,,,,,,,,,,,human,Max Philipp Dannnenbaum,2025-01-05T13:57:37Z,1.0,,
Camera 2,2023-02-18T08:22:02+01:00,2023-02-18T08:22:02+01:00,event,animal,,Capreolus capreolus,1.0,,,,,,,,,,,,human,Max Philipp Dannnenbaum,2025-01-05T13:58:10Z,1.0,,
Camera 2,2023-02-23T19:56:32+01:00,2023-02-23T19:56:32+01:00,event,animal,,Lepus europaeus,1.0,,,,,,,,,,,,machine,Western Europe v3,2024-12-21T00:18:02Z,0.73,,
Camera 2,2023-02-24T02:37:44+01:00,2023-02-24T02:37:44+01:00,event,animal,,Capreolus capreolus,1.0,,,,,,,,,,,,human,Max Philipp Dannnenbaum,2025-01-05T20:14:19Z,1.0,,
Camera 2,2023-02-24T04:55:58+01:00,2023-02-24T04:55:58+01:00,event,animal,,Lepus europaeus,1.0,,,,,,,,,,,,human,Max Philipp Dannnenbaum,2025-01-05T13:58:33Z,1.0,,
Camera 2,2023-02-25T04:07:00+01:00,2023-02-25T04:07:00+01:00,event,animal,,Capreolus capreolus,1.0,,,,,,,,,,,,human,Max Philipp Dannnenbaum,2025-01-05T13:59:11Z,1.0,,
Camera 2,2023-02-26T05:45:34+01:00,2023-02-26T05:46:26+01:00,event,animal,,Lepus europaeus,1.0,,,,,,,,,,,,machine,Western Europe v3,2024-12-21T00:18:30Z,0.72,,
Camera 2,2023-03-04T03:03:06+01:00,2023-03-04T03:03:54+01:00,event,animal,,Lepus europaeus,1.0,,,,,,,,,,,,machine,Western Europe v3,2024-12-21T00:18:41Z,0.7,,
Camera 2,2023-03-05T05:49:10+01:00,2023-03-05T05:49:10+01:00,event,animal,,Capreolus capreolus,1.0,,,,,,,,,,,,human,Max Philipp Dannnenbaum,2025-01-05T13:59:23Z,1.0,,
Camera 2,2023-03-07T06:16:36+01:00,2023-03-07T06:16:36+01:00,event,animal,,Capreolus capreolus,1.0,,,,,,,,,,,,machine,Western Europe v3,2024-12-21T01:31:59Z,0.87,,
Camera 2,2023-03-08T00:34:04+01:00,2023-03-08T00:34:04+01:00,event,animal,,Dama dama,1.0,,,,,,,,,,,,machine,Western Europe v3,2024-12-21T00:19:09Z,0.7,,
Camera 2,2023-03-08T07:46:18+01:00,2023-03-08T07:46:18+01:00,event,animal,,Capreolus capreolus,1.0,,,,,,,,,,,,human,Max Philipp Dannnenbaum,2025-01-05T13:59:57Z,1.0,,
Camera 2,2023-03-11T02:01:00+01:00,2023-03-11T02:01:00+01:00,event,animal,,Capreolus capreolus,1.0,,,,,,,,,,,,human,Max Philipp Dannnenbaum,2025-01-05T14:00:18Z,1.0,,
Camera 2,2023-03-15T04:07:04+01:00,2023-03-15T04:07:32+01:00,event,animal,,Capreolus capreolus,1.0,,,,,,,,,,,,human,Max Philipp Dannnenbaum,2025-01-05T14:00:34Z,1.0,,
Camera 2,2023-03-15T05:49:38+01:00,2023-03-15T05:49:38+01:00,event,animal,,Lepus europaeus,1.0,,,,,,,,,,,,machine,Western Europe v3,2024-12-21T01:38:14Z,0.8,,
Camera 2,2023-03-15T07:36:30+01:00,2023-03-15T07:37:08+01:00,event,animal,,Capreolus capreolus,1.0,,,,,,,,,,,,machine,Western Europe v3,2024-12-21T00:20:04Z,0.88,,
Camera 2,2023-03-20T20:42:04+01:00,2023-03-20T20:42:04+01:00,event,animal,,Lepus europaeus,1.0,,,,,,,,,,,,machine,Western Europe v3,2024-12-21T00:19:52Z,0.82,,
Camera 2,2023-03-21T01:34:36+01:00,2023-03-21T01:35:20+01:00,event,animal,,Capreolus capreolus,1.0,,,,,,,,,,,,machine,Western Europe v3,2024-12-21T00:20:17Z,0.91,,
Camera 2,2023-03-21T01:38:30+01:00,2023-03-21T01:40:14+01:00,event,animal,,Capreolus capreolus,1.0,,,,,,,,,,,,machine,Western Europe v3,2024-12-21T00:20:28Z,0.91,,
Camera 2,2023-03-21T21:16:38+01:00,2023-03-21T21:16:38+01:00,event,animal,,Capreolus capreolus,1.0,,,,,,,,,,,,human,Max Philipp Dannnenbaum,2025-01-05T14:01:17Z,1.0,,
Camera 2,2023-03-22T22:55:36+01:00,2023-03-22T22:55:36+01:00,event,animal,,Vulpes vulpes,1.0,,,,,,,,,,,,machine,Western Europe v3,2024-12-21T00:20:58Z,0.77,,
Camera 2,2023-03-24T05:31:22+01:00,2023-03-24T05:31:22+01:00,event,animal,,Capreolus capreolus,1.0,,,,,,,,,,,,machine,Western Europe v3,2024-12-21T00:20:48Z,0.84,,
Camera 2,2023-03-25T05:49:56+01:00,2023-03-25T05:49:56+01:00,event,animal,,Capreolus capreolus,1.0,,,,,,,,,,,,human,Max Philipp Dannnenbaum,2025-01-05T14:01:28Z,1.0,,
Camera 2,2023-03-25T05:56:28+01:00,2023-03-25T05:56:28+01:00,event,animal,,Capreolus capreolus,1.0,,,,,,,,,,,,human,Max Philipp Dannnenbaum,2025-01-05T14:01:44Z,1.0,,
Camera 2,2023-04-03T02:33:50+01:00,2023-04-03T02:33:50+01:00,event,animal,,Capreolus capreolus,1.0,,,,,,,,,,,,human,Max Philipp Dannnenbaum,2025-01-05T14:02:20Z,1.0,,
Camera 2,2023-04-08T04:35:02+01:00,2023-04-08T04:35:02+01:00,event,animal,,Capreolus capreolus,2.0,,,,,,,,,,,,human,Max Philipp Dannnenbaum,2025-01-05T14:02:34Z,1.0,,
Camera 2,2023-04-13T01:26:10+01:00,2023-04-13T01:26:10+01:00,event,animal,,Capreolus capreolus,2.0,,,,,,,,,,,,human,Max Philipp Dannnenbaum,2025-01-05T14:05:16Z,1.0,,
Camera 2,2023-04-15T02:45:00+01:00,2023-04-15T02:45:00+01:00,event,animal,,Capreolus capreolus,1.0,,,,,,,,,,,,human,Max Philipp Dannnenbaum,2025-01-05T14:06:23Z,1.0,,
Camera 2,2023-04-16T01:16:02+01:00,2023-04-16T01:16:02+01:00,event,animal,,Lepus europaeus,1.0,,,,,,,,,,,,machine,Western Europe v3,2024-12-21T00:22:53Z,0.75,,
Camera 2,2023-04-16T04:07:04+01:00,2023-04-16T04:07:04+01:00,event,animal,,Capreolus capreolus,1.0,,,,,,,,,,,,human,Max Philipp Dannnenbaum,2025-01-05T14:06:51Z,1.0,,
Camera 2,2023-04-17T01:13:34+01:00,2023-04-17T01:13:34+01:00,event,animal,,Capreolus capreolus,1.0,,,,,,,,,,,,human,Max Philipp Dannnenbaum,2025-01-05T14:08:17Z,1.0,,
Camera 2,2023-04-17T01:51:04+01:00,2023-04-17T01:52:50+01:00,event,animal,,Lepus europaeus,1.0,,,,,,,,,,,,machine,Western Europe v3,2024-12-21T00:23:10Z,0.76,,
Camera 2,2023-04-17T03:20:56+01:00,2023-04-17T03:22:26+01:00,event,animal,,Capreolus capreolus,1.0,,,,,,,,,,,,machine,Western Europe v3,2024-12-21T01:34:41Z,0.91,,
Camera 2,2023-04-17T04:45:14+01:00,2023-04-17T04:45:14+01:00,event,animal,,Capreolus capreolus,1.0,,,,,,,,,,,,human,Max Philipp Dannnenbaum,2025-01-05T14:09:09Z,1.0,,
Camera 2,2023-04-17T06:29:32+01:00,2023-04-17T06:30:30+01:00,event,animal,,Capreolus capreolus,1.0,,,,,,,,,,,,human,Max Philipp Dannnenbaum,2025-01-05T14:09:23Z,1.0,,
Camera 2,2023-04-19T02:17:56+01:00,2023-04-19T02:17:56+01:00,event,animal,,Capreolus capreolus,1.0,,,,,,,,,,,,human,Max Philipp Dannnenbaum,2025-01-05T14:09:35Z,1.0,,
Camera 2,2023-04-19T04:41:00+01:00,2023-04-19T04:41:00+01:00,event,animal,,Capreolus capreolus,1.0,,,,,,,,,,,,human,Max Philipp Dannnenbaum,2025-01-05T14:09:48Z,1.0,,
Camera 2,2023-04-21T06:42:02+01:00,2023-04-21T06:43:18+01:00,event,animal,,Capreolus capreolus,1.0,,,,,,,,,,,,human,Max Philipp Dannnenbaum,2025-01-05T14:10:49Z,1.0,,
Camera 2,2023-04-21T15:55:06+01:00,2023-04-21T15:55:06+01:00,event,animal,,Dama dama,1.0,,,,,,,,,,,,machine,Western Europe v3,2024-12-21T00:24:49Z,0.71,,
Camera 2,2023-05-02T22:32:30+01:00,2023-05-02T22:32:30+01:00,event,animal,,Leporidae,1.0,,,,,,,,,,,,human,Max Philipp Dannnenbaum,2025-01-05T14:13:30Z,1.0,,
Camera 2,2023-05-04T00:08:10+01:00,2023-05-04T00:08:10+01:00,event,animal,,Capreolus capreolus,1.0,,,,,,,,,,,,human,Max Philipp Dannnenbaum,2025-01-05T14:13:55Z,1.0,,
Camera 2,2023-06-06T16:30:38+01:00,2023-06-06T16:30:38+01:00,event,animal,,Ovis aries,1.0,,,,,,,,,,,,machine,Western Europe v3,2024-12-21T00:29:37Z,0.74,,
Camera 2,2023-06-11T00:31:42+01:00,2023-06-11T00:31:42+01:00,event,animal,,Felis catus,1.0,,,,,,,,,,,,human,Max Philipp Dannnenbaum,2025-01-05T14:15:19Z,1.0,,
Camera 2,2023-06-16T02:06:10+01:00,2023-06-16T02:06:10+01:00,event,animal,,Vulpes vulpes,1.0,,,,,,,,,,,,machine,Western Europe v3,2024-12-21T01:36:57Z,0.88,,
Camera 2,2023-06-18T23:25:16+01:00,2023-06-18T23:25:16+01:00,event,animal,,Corvus corax,1.0,,,,,,,,,,,,human,Max Philipp Dannnenbaum,2025-01-05T14:18:15Z,1.0,,
Camera 2,2023-06-20T22:56:28+01:00,2023-06-20T22:56:28+01:00,event,animal,,Turdus,1.0,,,,,,,,,,,,machine,Western Europe v3,2024-12-21T01:45:04Z,0.85,,
Camera 2,2023-06-21T17:14:38+01:00,2023-06-21T17:14:38+01:00,event,animal,,Canis lupus,1.0,,,,,,,,,,,,machine,Western Europe v3,2024-12-21T00:35:59Z,0.7,,
Camera 2,2023-06-26T03:01:14+01:00,2023-06-26T03:01:42+01:00,event,animal,,Vulpes vulpes,1.0,,,,,,,,,,,,machine,Western Europe v3,2024-12-21T01:46:38Z,0.84,,
Camera 2,2023-07-01T03:20:34+01:00,2023-07-01T03:20:34+01:00,event,animal,,Vulpes vulpes,1.0,,,,,,,,,,,,machine,Western Europe v3,2024-12-21T00:37:03Z,0.79,,
Camera 2,2023-07-03T01:20:58+01:00,2023-07-03T01:20:58+01:00,event,animal,,Capreolus capreolus,1.0,,,,,,,,,,,,machine,Western Europe v3,2024-12-21T00:37:28Z,0.91,,
Camera 2,2023-07-03T02:05:48+01:00,2023-07-03T02:05:48+01:00,event,animal,,Capreolus capreolus,1.0,,,,,,,,,,,,machine,Western Europe v3,2024-12-21T00:37:38Z,0.79,,
Camera 2,2023-07-03T02:18:08+01:00,2023-07-03T02:18:08+01:00,event,animal,,Capreolus capreolus,1.0,,,,,,,,,,,,machine,Western Europe v3,2024-12-21T00:37:48Z,0.92,,
Camera 2,2023-07-06T05:10:32+01:00,2023-07-06T05:10:32+01:00,event,animal,,Capreolus capreolus,1.0,,,,,,,,,,,,human,Max Philipp Dannnenbaum,2025-01-05T14:19:54Z,1.0,,
Camera 2,2023-07-08T10:49:36+01:00,2023-07-08T10:49:36+01:00,event,animal,,Pica pica,1.0,,,,,,,,,,,,human,Max Philipp Dannnenbaum,2025-01-05T14:21:37Z,1.0,,
Camera 2,2023-07-11T01:17:30+01:00,2023-07-11T01:17:30+01:00,event,animal,,Capreolus capreolus,1.0,,,,,,,,,,,,machine,Western Europe v3,2024-12-21T00:39:14Z,0.88,,
Camera 2,2023-07-11T02:00:36+01:00,2023-07-11T02:00:36+01:00,event,animal,,Meles meles,1.0,,,,,,,,,,,,machine,Western Europe v3,2024-12-21T00:39:48Z,0.88,,
Camera 2,2023-07-17T23:10:02+01:00,2023-07-17T23:10:02+01:00,event,animal,,Capreolus capreolus,1.0,,,,,,,,,,,,human,Max Philipp Dannnenbaum,2025-01-05T14:24:35Z,1.0,,
Camera 2,2023-07-22T11:11:06+01:00,2023-07-22T11:12:16+01:00,event,animal,,Leporidae,1.0,,,,,,,,,,,,human,Max Philipp Dannnenbaum,2025-01-05T14:25:04Z,1.0,,
Camera 2,2023-07-22T11:11:06+01:00,2023-07-22T11:12:16+01:00,event,animal,,Lepus europaeus,1.0,,,,,,,,,,,,machine,Max Philipp Dannnenbaum,2025-01-05T14:25:04Z,1.0,,
Camera 2,2023-07-22T12:35:00+01:00,2023-07-22T12:35:58+01:00,event,animal,,Leporidae,1.0,,,,,,,,,,,,human,Max Philipp Dannnenbaum,2025-01-05T14:25:46Z,1.0,,
Camera 2,2023-07-24T04:39:10+01:00,2023-07-24T04:39:36+01:00,event,animal,,Capreolus capreolus,1.0,,,,,,,,,,,,machine,Western Europe v3,2024-12-21T00:41:56Z,0.89,,
Camera 2,2023-07-25T04:41:10+01:00,2023-07-25T04:46:16+01:00,event,animal,,Capreolus capreolus,1.0,,,,,,,,,,,,machine,Western Europe v3,2024-12-21T00:42:18Z,0.75,,
Camera 2,2023-07-28T06:20:44+01:00,2023-07-28T06:21:12+01:00,event,animal,,Lepus europaeus,1.0,,,,,,,,,,,,machine,Western Europe v3,2024-12-21T01:51:02Z,0.81,,
Camera 2,2023-07-31T04:57:44+01:00,2023-07-31T04:57:44+01:00,event,animal,,Capreolus capreolus,1.0,,,,,,,,,,,,human,Max Philipp Dannnenbaum,2025-01-05T14:25:55Z,1.0,,
Camera 2,2023-07-31T05:53:36+01:00,2023-07-31T05:53:36+01:00,event,animal,,Capreolus capreolus,1.0,,,,,,,,,,,,human,Max Philipp Dannnenbaum,2025-01-05T14:26:19Z,1.0,,
Camera 2,2023-08-01T02:05:26+01:00,2023-08-01T02:05:26+01:00,event,animal,,Capreolus capreolus,1.0,,,,,,,,,,,,human,Max Philipp Dannnenbaum,2025-01-05T14:26:35Z,1.0,,
Camera 2,2023-08-01T07:44:06+01:00,2023-08-01T07:44:06+01:00,event,animal,,Capreolus capreolus,1.0,,,,,,,,,,,,machine,Western Europe v3,2024-12-21T00:43:52Z,0.87,,
Camera 2,2023-08-04T23:00:20+01:00,2023-08-04T23:00:20+01:00,event,animal,,Capreolus capreolus,1.0,,,,,,,,,,,,human,Max Philipp Dannnenbaum,2025-01-05T14:27:04Z,1.0,,
Camera 2,2023-08-06T10:41:26+01:00,2023-08-06T10:41:26+01:00,event,animal,,Vulpes vulpes,1.0,,,,,,,,,,,,human,Max Philipp Dannnenbaum,2025-01-05T14:27:54Z,1.0,,
Camera 2,2023-08-08T05:21:38+01:00,2023-08-08T05:21:38+01:00,event,animal,,Mustela,1.0,,,,,,,,,,,,machine,Western Europe v3,2024-12-21T00:44:48Z,0.76,,
Camera 2,2023-08-19T16:04:18+01:00,2023-08-19T16:04:18+01:00,event,animal,,Canis lupus familiaris,1.0,,,,,,,,,,,,machine,Western Europe v3,2024-12-21T00:46:06Z,0.84,,
Camera 2,2023-09-16T18:51:32+01:00,2023-09-16T18:51:32+01:00,event,animal,,Canis lupus familiaris,1.0,,,,,,,,,,,,machine,Western Europe v3,2024-12-21T00:47:05Z,0.88,,
Camera 2,2023-11-29T22:04:16+01:00,2023-11-29T22:04:16+01:00,event,animal,,Felis catus,1.0,,,,,,,,,,,,human,Max Philipp Dannnenbaum,2025-01-05T14:28:30Z,1.0,,
Camera 2,2023-11-30T20:39:56+01:00,2023-11-30T20:39:56+01:00,event,animal,,Felis,1.0,,,,,,,,,,,,machine,Western Europe v3,2024-12-21T00:49:40Z,0.91,,
Camera 2,2023-12-01T04:08:00+01:00,2023-12-01T04:08:00+01:00,event,animal,,Felis,1.0,,,,,,,,,,,,machine,Western Europe v3,2024-12-21T01:41:01Z,0.88,,
Camera 2,2023-12-03T21:41:00+01:00,2023-12-03T21:41:00+01:00,event,animal,,Vulpes vulpes,1.0,,,,,,,,,,,,human,Max Philipp Dannnenbaum,2025-01-05T14:29:09Z,1.0,,
Camera 2,2023-12-16T05:44:12+01:00,2023-12-16T05:46:04+01:00,event,animal,,Capreolus capreolus,1.0,,,,,,,,,,,,machine,Western Europe v3,2024-12-21T00:50:22Z,0.91,,
Camera 2,2023-12-16T06:04:24+01:00,2023-12-16T06:04:24+01:00,event,animal,,Capreolus capreolus,1.0,,,,,,,,,,,,machine,Western Europe v3,2024-12-21T00:50:37Z,0.86,,
Camera 2,2023-12-17T06:18:30+01:00,2023-12-17T06:18:30+01:00,event,animal,,Capreolus capreolus,1.0,,,,,,,,,,,,machine,Western Europe v3,2024-12-21T00:50:52Z,0.87,,
Camera 2,2023-12-21T04:40:16+01:00,2023-12-21T04:40:16+01:00,event,animal,,Capreolus capreolus,1.0,,,,,,,,,,,,human,Max Philipp Dannnenbaum,2025-01-05T14:29:31Z,1.0,,
Camera 2,2023-12-27T17:16:00+01:00,2023-12-27T17:16:00+01:00,event,animal,,Felis catus,1.0,,,,,,,,,,,,human,Max Philipp Dannnenbaum,2025-01-05T14:29:54Z,1.0,,
Camera 2,2024-01-01T21:30:08+01:00,2024-01-01T21:30:08+01:00,event,animal,,Felis,1.0,,,,,,,,,,,,machine,Western Europe v3,2024-12-21T00:51:54Z,0.88,,
Camera 2,2024-01-05T00:10:42+01:00,2024-01-05T00:10:42+01:00,event,animal,,Vulpes vulpes,1.0,,,,,,,,,,,,machine,Western Europe v3,2024-12-21T00:52:05Z,0.79,,
Camera 2,2024-01-09T02:24:28+01:00,2024-01-09T02:24:28+01:00,event,animal,,Martes,1.0,,,,,,,,,,,,machine,Western Europe v3,2024-12-21T01:55:05Z,0.77,,
Camera 2,2024-01-15T01:25:28+01:00,2024-01-15T01:25:28+01:00,event,animal,,Lepus europaeus,1.0,,,,,,,,,,,,machine,Western Europe v3,2024-12-21T00:52:20Z,0.77,,
Camera 2,2024-01-16T15:09:40+01:00,2024-01-16T15:09:40+01:00,event,animal,,Vulpes vulpes,1.0,,,,,,,,,,,,machine,Western Europe v3,2024-12-21T00:53:00Z,0.84,,
Camera 2,2024-01-17T05:43:02+01:00,2024-01-17T05:43:02+01:00,event,animal,,Vulpes vulpes,1.0,,,,,,,,,,,,machine,Western Europe v3,2024-12-21T01:53:30Z,0.86,,
Camera 2,2024-01-17T05:48:20+01:00,2024-01-17T05:48:20+01:00,event,animal,,Vulpes vulpes,1.0,,,,,,,,,,,,machine,Western Europe v3,2024-12-21T01:48:45Z,0.87,,
Camera 2,2024-01-17T05:57:42+01:00,2024-01-17T05:58:24+01:00,event,animal,,Vulpes vulpes,1.0,,,,,,,,,,,,machine,Western Europe v3,2024-12-21T00:53:29Z,0.81,,
Camera 2,2024-02-04T08:28:14+01:00,2024-02-04T08:28:14+01:00,event,animal,,Vulpes vulpes,1.0,,,,,,,,,,,,machine,Western Europe v3,2024-12-21T00:55:10Z,0.83,,
Camera 2,2024-02-04T22:50:44+01:00,2024-02-04T22:50:44+01:00,event,animal,,Vulpes vulpes,1.0,,,,,,,,,,,,machine,Western Europe v3,2024-12-21T01:54:11Z,0.86,,
Camera 2,2024-02-06T07:41:58+01:00,2024-02-06T07:41:58+01:00,event,animal,,Vulpes vulpes,1.0,,,,,,,,,,,,machine,Western Europe v3,2024-12-21T01:56:20Z,0.85,,
Camera 2,2024-02-07T20:11:24+01:00,2024-02-07T20:11:24+01:00,event,animal,,Vulpes vulpes,1.0,,,,,,,,,,,,machine,Western Europe v3,2024-12-21T00:55:55Z,0.79,,
Camera 2,2024-02-18T08:46:38+01:00,2024-02-18T08:46:38+01:00,event,animal,,Vulpes vulpes,1.0,,,,,,,,,,,,human,Max Philipp Dannnenbaum,2025-01-05T14:31:04Z,1.0,,
Camera 2,2024-03-09T22:06:10+01:00,2024-03-09T22:06:10+01:00,event,animal,,Vulpes vulpes,1.0,,,,,,,,,,,,machine,Western Europe v3,2024-12-21T00:56:19Z,0.87,,
Camera 2,2024-03-11T01:52:10+01:00,2024-03-11T01:52:10+01:00,event,animal,,Vulpes vulpes,1.0,,,,,,,,,,,,machine,Western Europe v3,2024-12-21T00:56:53Z,0.86,,
Camera 2,2024-03-18T22:39:26+01:00,2024-03-18T22:39:26+01:00,event,animal,,Capreolus capreolus,1.0,,,,,,,,,,,,human,Max Philipp Dannnenbaum,2025-01-05T14:31:13Z,1.0,,
Camera 2,2024-03-18T22:47:56+01:00,2024-03-18T23:00:18+01:00,event,animal,,Capreolus capreolus,1.0,,,,,,,,,,,,machine,Western Europe v3,2024-12-21T01:56:47Z,0.92,,
Camera 2,2024-03-19T00:57:06+01:00,2024-03-19T01:05:52+01:00,event,animal,,Capreolus capreolus,1.0,,,,,,,,,,,,machine,Western Europe v3,2024-12-21T01:55:23Z,0.92,,
Camera 2,2024-03-19T01:23:34+01:00,2024-03-19T01:27:56+01:00,event,animal,,Capreolus capreolus,1.0,,,,,,,,,,,,machine,Western Europe v3,2024-12-21T01:56:58Z,0.93,,
Camera 2,2024-03-20T01:28:52+01:00,2024-03-20T01:28:52+01:00,event,animal,,Capreolus capreolus,1.0,,,,,,,,,,,,machine,Western Europe v3,2024-12-21T00:57:17Z,0.95,,
Camera 2,2024-03-20T01:36:04+01:00,2024-03-20T01:38:50+01:00,event,animal,,Capreolus capreolus,1.0,,,,,,,,,,,,human,Max Philipp Dannnenbaum,2025-01-05T14:31:25Z,1.0,,
Camera 2,2024-03-20T01:41:46+01:00,2024-03-20T01:41:46+01:00,event,animal,,Capreolus capreolus,1.0,,,,,,,,,,,,machine,Western Europe v3,2024-12-21T00:57:39Z,0.85,,
Camera 2,2024-03-20T06:42:24+01:00,2024-03-20T06:42:24+01:00,event,animal,,Vulpes vulpes,1.0,,,,,,,,,,,,human,Max Philipp Dannnenbaum,2025-01-05T20:15:06Z,1.0,,
Camera 2,2024-03-21T00:32:18+01:00,2024-03-21T00:36:40+01:00,event,animal,,Lepus europaeus,1.0,,,,,,,,,,,,machine,Western Europe v3,2024-12-21T00:58:04Z,0.84,,
Camera 2,2024-03-21T00:44:32+01:00,2024-03-21T00:44:32+01:00,event,animal,,Lepus europaeus,1.0,,,,,,,,,,,,machine,Western Europe v3,2024-12-21T00:58:16Z,0.87,,
Camera 2,2024-03-21T00:47:16+01:00,2024-03-21T00:47:16+01:00,event,animal,,Capreolus capreolus,1.0,,,,,,,,,,,,human,Max Philipp Dannnenbaum,2025-01-05T20:15:24Z,1.0,,
Camera 2,2024-03-21T00:49:26+01:00,2024-03-21T00:49:52+01:00,event,animal,,Lepus europaeus,1.0,,,,,,,,,,,,machine,Western Europe v3,2024-12-21T01:41:17Z,0.84,,
Camera 2,2024-03-21T00:52:00+01:00,2024-03-21T00:52:40+01:00,event,animal,,Dama dama,1.0,,,,,,,,,,,,machine,Western Europe v3,2024-12-21T00:58:35Z,0.82,,
Camera 2,2024-03-21T00:55:00+01:00,2024-03-21T00:59:04+01:00,event,animal,,Lepus europaeus,1.0,,,,,,,,,,,,machine,Western Europe v3,2024-12-21T00:58:46Z,0.83,,
Camera 2,2024-03-21T01:14:30+01:00,2024-03-21T01:15:36+01:00,event,animal,,Lepus europaeus,1.0,,,,,,,,,,,,machine,Western Europe v3,2024-12-21T00:58:56Z,0.78,,
Camera 2,2024-03-21T01:18:14+01:00,2024-03-21T01:18:44+01:00,event,animal,,Lepus europaeus,1.0,,,,,,,,,,,,machine,Western Europe v3,2024-12-21T01:57:51Z,0.79,,
Camera 2,2024-03-21T01:32:06+01:00,2024-03-21T01:33:56+01:00,event,animal,,Capreolus capreolus,1.0,,,,,,,,,,,,human,Max Philipp Dannnenbaum,2025-01-05T20:15:36Z,1.0,,
Camera 2,2024-03-21T01:36:12+01:00,2024-03-21T01:36:12+01:00,event,animal,,Lepus europaeus,1.0,,,,,,,,,,,,machine,Western Europe v3,2024-12-21T01:55:38Z,0.85,,
Camera 2,2024-03-22T04:48:48+01:00,2024-03-22T04:48:48+01:00,event,animal,,Capreolus capreolus,1.0,,,,,,,,,,,,machine,Western Europe v3,2024-12-21T01:57:13Z,0.87,,
Camera 2,2024-03-23T04:47:06+01:00,2024-03-23T04:47:06+01:00,event,animal,,Capreolus capreolus,1.0,,,,,,,,,,,,human,Max Philipp Dannnenbaum,2025-01-05T14:35:44Z,1.0,,
Camera 2,2024-04-02T03:38:40+01:00,2024-04-02T03:38:40+01:00,event,animal,,Capreolus capreolus,1.0,,,,,,,,,,,,machine,Western Europe v3,2024-12-21T00:59:52Z,0.7,,
Camera 2,2024-04-03T23:35:46+01:00,2024-04-03T23:35:46+01:00,event,animal,,Lepus europaeus,1.0,,,,,,,,,,,,machine,Western Europe v3,2024-12-21T01:59:00Z,0.72,,
Camera 2,2024-04-03T23:41:32+01:00,2024-04-03T23:41:32+01:00,event,animal,,Capreolus capreolus,1.0,,,,,,,,,,,,machine,Western Europe v3,2024-12-21T01:48:58Z,0.77,,
Camera 2,2024-04-05T05:04:28+01:00,2024-04-05T05:04:28+01:00,event,animal,,Lepus europaeus,1.0,,,,,,,,,,,,machine,Western Europe v3,2024-12-21T01:00:40Z,0.79,,
Camera 2,2024-04-06T01:06:14+01:00,2024-04-06T01:06:14+01:00,event,animal,,Capreolus capreolus,1.0,,,,,,,,,,,,human,Max Philipp Dannnenbaum,2025-01-05T14:35:57Z,1.0,,
Camera 2,2024-04-06T23:09:26+01:00,2024-04-06T23:09:26+01:00,event,animal,,Vulpes vulpes,1.0,,,,,,,,,,,,human,Max Philipp Dannnenbaum,2025-01-05T14:36:08Z,1.0,,
Camera 2,2024-04-10T05:40:28+01:00,2024-04-10T05:40:28+01:00,event,animal,,Felis catus,1.0,,,,,,,,,,,,human,Max Philipp Dannnenbaum,2025-01-05T14:36:39Z,1.0,,links im schatten
Camera 2,2024-04-10T08:10:44+01:00,2024-04-10T08:10:44+01:00,event,animal,,Capreolus capreolus,1.0,,,,,,,,,,,,machine,Western Europe v3,2024-12-21T01:01:24Z,0.89,,
Camera 2,2024-04-17T15:14:58+01:00,2024-04-17T15:14:58+01:00,event,animal,,Garrulus glandarius,1.0,,,,,,,,,,,,human,Max Philipp Dannnenbaum,2025-01-05T14:40:35Z,1.0,,
Camera 2,2024-04-20T05:36:36+01:00,2024-04-20T05:36:36+01:00,event,animal,,Mustela,1.0,,,,,,,,,,,,machine,Western Europe v3,2024-12-21T01:52:25Z,0.7,,
Camera 2,2024-04-22T06:03:24+01:00,2024-04-22T06:05:18+01:00,event,animal,,Lepus europaeus,1.0,,,,,,,,,,,,machine,Western Europe v3,2024-12-21T01:02:59Z,0.71,,
Camera 2,2024-04-27T23:33:04+01:00,2024-04-27T23:33:04+01:00,event,animal,,Felis catus,1.0,,,,,,,,,,,,human,Max Philipp Dannnenbaum,2025-01-05T14:41:28Z,1.0,,
Camera 2,2024-05-02T22:55:54+01:00,2024-05-02T22:58:42+01:00,event,animal,,Capreolus capreolus,1.0,,,,,,,,,,,,machine,Western Europe v3,2024-12-21T01:04:18Z,0.91,,
Camera 2,2024-05-03T04:10:14+01:00,2024-05-03T04:10:14+01:00,event,animal,,Vulpes vulpes,1.0,,,,,,,,,,,,machine,Western Europe v3,2024-12-21T01:04:29Z,0.77,,
Camera 2,2024-05-03T23:41:02+01:00,2024-05-03T23:41:02+01:00,event,animal,,Capreolus capreolus,1.0,,,,,,,,,,,,machine,Western Europe v3,2024-12-21T01:05:18Z,0.85,,
Camera 2,2024-05-07T08:16:30+01:00,2024-05-07T08:18:02+01:00,event,animal,,Lepus europaeus,1.0,,,,,,,,,,,,machine,Western Europe v3,2024-12-21T01:05:28Z,0.83,,
Camera 2,2024-06-15T12:59:20+01:00,2024-06-15T12:59:20+01:00,event,animal,,Corvus brachyrhynchos,1.0,,,,,,,,,,,,human,Max Philipp Dannnenbaum,2025-01-05T14:43:16Z,1.0,,
Camera 2,2024-06-16T08:48:38+01:00,2024-06-16T08:48:38+01:00,event,animal,,Turdus,2.0,,,,,,,,,,,,machine,Western Europe v3,2024-12-21T01:12:38Z,0.83,,
Camera 2,2024-06-21T23:58:30+01:00,2024-06-21T23:58:58+01:00,event,animal,,Leporidae,1.0,,,,,,,,,,,,human,Max Philipp Dannnenbaum,2025-01-05T14:44:13Z,1.0,,
Camera 2,2024-06-25T22:44:42+01:00,2024-06-25T22:44:42+01:00,event,animal,,Capreolus capreolus,1.0,,,,,,,,,,,,machine,Western Europe v3,2024-12-21T01:13:00Z,0.89,,
Camera 2,2024-07-07T23:37:10+01:00,2024-07-07T23:38:32+01:00,event,animal,,Capreolus capreolus,1.0,,,,,,,,,,,,machine,Western Europe v3,2024-12-21T01:14:27Z,0.88,,
Camera 2,2024-07-09T05:12:18+01:00,2024-07-09T05:12:18+01:00,event,animal,,Capreolus capreolus,1.0,,,,,,,,,,,,machine,Western Europe v3,2024-12-21T01:14:38Z,0.83,,
Camera 2,2024-07-09T05:39:34+01:00,2024-07-09T05:39:34+01:00,event,animal,,Capreolus capreolus,1.0,,,,,,,,,,,,machine,Western Europe v3,2024-12-21T02:11:34Z,0.91,,
Camera 2,2024-07-12T03:02:38+01:00,2024-07-12T03:02:38+01:00,event,animal,,Capreolus capreolus,1.0,,,,,,,,,,,,machine,Western Europe v3,2024-12-21T01:59:41Z,0.78,,
Camera 2,2024-07-13T00:07:40+01:00,2024-07-13T00:07:40+01:00,event,animal,,Capreolus capreolus,1.0,,,,,,,,,,,,human,Max Philipp Dannnenbaum,2025-01-05T14:44:23Z,1.0,,
Camera 2,2024-07-13T01:13:34+01:00,2024-07-13T01:13:34+01:00,event,animal,,Capreolus capreolus,1.0,,,,,,,,,,,,machine,Western Europe v3,2024-12-21T02:08:48Z,0.87,,
Camera 2,2024-07-13T09:00:04+01:00,2024-07-13T09:01:18+01:00,event,animal,,Capreolus capreolus,2.0,,,,,,,,,,,,machine,Western Europe v3,2024-12-21T01:15:20Z,0.91,,
Camera 2,2024-07-13T10:18:24+01:00,2024-07-13T10:18:24+01:00,event,animal,,Capreolus capreolus,2.0,,,,,,,,,,,,machine,Western Europe v3,2024-12-21T01:15:32Z,0.93,,
Camera 2,2024-07-13T11:47:58+01:00,2024-07-13T11:48:26+01:00,event,animal,,Capreolus capreolus,1.0,,,,,,,,,,,,machine,Western Europe v3,2024-12-21T01:15:48Z,0.92,,
Camera 2,2024-07-14T02:00:56+01:00,2024-07-14T02:00:56+01:00,event,animal,,Capreolus capreolus,1.0,,,,,,,,,,,,human,Max Philipp Dannnenbaum,2025-01-05T14:44:33Z,1.0,,
Camera 2,2024-07-14T05:18:06+01:00,2024-07-14T05:18:06+01:00,event,animal,,Lepus europaeus,1.0,,,,,,,,,,,,machine,Western Europe v3,2024-12-21T02:09:54Z,0.73,,
Camera 2,2024-07-14T09:11:46+01:00,2024-07-14T09:11:46+01:00,event,animal,,Capreolus capreolus,2.0,,,,,,,,,,,,human,Max Philipp Dannnenbaum,2025-01-05T14:45:05Z,1.0,,junge Rehe?
Camera 2,2024-07-17T01:51:04+01:00,2024-07-17T01:51:04+01:00,event,animal,,Capreolus capreolus,1.0,,,,,,,,,,,,machine,Western Europe v3,2024-12-21T01:16:28Z,0.89,,
Camera 2,2024-07-17T09:07:14+01:00,2024-07-17T09:07:14+01:00,event,animal,,Lepus europaeus,1.0,,,,,,,,,,,,machine,Western Europe v3,2024-12-21T01:16:47Z,0.85,,
Camera 2,2024-07-17T21:51:08+01:00,2024-07-17T21:51:08+01:00,event,animal,,Capreolus capreolus,1.0,,,,,,,,,,,,human,Max Philipp Dannnenbaum,2025-01-05T14:45:17Z,1.0,,
Camera 2,2024-07-18T21:12:52+01:00,2024-07-18T21:15:16+01:00,event,animal,,Lepus europaeus,1.0,,,,,,,,,,,,machine,Western Europe v3,2024-12-21T01:16:58Z,0.73,,
Camera 2,2024-07-18T21:17:24+01:00,2024-07-18T21:19:40+01:00,event,animal,,Capreolus capreolus,2.0,,,,,,,,,,,,machine,Western Europe v3,2024-12-21T01:17:19Z,0.73,,
Camera 2,2024-07-18T21:22:10+01:00,2024-07-18T21:22:10+01:00,event,animal,,Capreolus capreolus,1.0,,,,,,,,,,,,machine,Western Europe v3,2024-12-21T01:17:08Z,0.88,,
Camera 2,2024-07-18T23:33:30+01:00,2024-07-18T23:34:32+01:00,event,animal,,Capreolus capreolus,1.0,,,,,,,,,,,,machine,Western Europe v3,2024-12-21T02:10:33Z,0.9,,
Camera 2,2024-07-19T02:43:34+01:00,2024-07-19T02:43:34+01:00,event,animal,,Capreolus capreolus,1.0,,,,,,,,,,,,human,Max Philipp Dannnenbaum,2025-01-05T14:45:34Z,1.0,,
Camera 2,2024-07-20T03:35:26+01:00,2024-07-20T03:35:26+01:00,event,animal,,Capreolus capreolus,1.0,,,,,,,,,,,,human,Max Philipp Dannnenbaum,2025-01-05T14:46:26Z,1.0,,
Camera 2,2024-07-20T18:56:26+01:00,2024-07-20T18:56:26+01:00,event,animal,,Capreolus capreolus,1.0,,,,,,,,,,,,machine,Western Europe v3,2024-12-21T01:18:17Z,0.87,,
Camera 2,2024-07-20T23:05:36+01:00,2024-07-20T23:05:36+01:00,event,animal,,Capreolus capreolus,1.0,,,,,,,,,,,,machine,Western Europe v3,2024-12-21T02:10:55Z,0.9,,
Camera 2,2024-07-20T23:19:16+01:00,2024-07-20T23:19:42+01:00,event,animal,,Capreolus capreolus,1.0,,,,,,,,,,,,machine,Western Europe v3,2024-12-21T01:18:27Z,0.9,,
Camera 2,2024-07-21T01:39:28+01:00,2024-07-21T01:39:56+01:00,event,animal,,Capreolus capreolus,1.0,,,,,,,,,,,,machine,Western Europe v3,2024-12-21T01:18:48Z,0.91,,
Camera 2,2024-07-21T02:15:24+01:00,2024-07-21T02:15:24+01:00,event,animal,,Capreolus capreolus,1.0,,,,,,,,,,,,human,Max Philipp Dannnenbaum,2025-01-05T14:46:51Z,1.0,,
Camera 2,2024-07-21T02:28:36+01:00,2024-07-21T02:28:36+01:00,event,animal,,Capreolus capreolus,1.0,,,,,,,,,,,,machine,Western Europe v3,2024-12-21T01:18:38Z,0.86,,
Camera 2,2024-07-21T18:01:18+01:00,2024-07-21T18:01:18+01:00,event,animal,,Capreolus capreolus,1.0,,,,,,,,,,,,machine,Western Europe v3,2024-12-21T01:18:58Z,0.83,,
Camera 2,2024-07-21T18:03:48+01:00,2024-07-21T18:03:48+01:00,event,animal,,Capreolus capreolus,1.0,,,,,,,,,,,,machine,Western Europe v3,2024-12-21T01:19:09Z,0.88,,
Camera 2,2024-07-21T18:09:58+01:00,2024-07-21T18:09:58+01:00,event,animal,,Capreolus capreolus,1.0,,,,,,,,,,,,machine,Western Europe v3,2024-12-21T02:13:46Z,0.89,,
Camera 2,2024-07-22T16:16:52+01:00,2024-07-22T16:16:52+01:00,event,animal,,Capreolus capreolus,1.0,,,,,,,,,,,,machine,Western Europe v3,2024-12-21T01:19:29Z,0.87,,
Camera 2,2024-07-22T19:19:00+01:00,2024-07-22T19:19:00+01:00,event,animal,,Capreolus capreolus,1.0,,,,,,,,,,,,machine,Western Europe v3,2024-12-21T01:19:43Z,0.89,,
Camera 2,2024-07-22T20:04:46+01:00,2024-07-22T20:04:46+01:00,event,animal,,Capreolus capreolus,1.0,,,,,,,,,,,,machine,Western Europe v3,2024-12-21T01:19:54Z,0.9,,
Camera 2,2024-07-22T21:06:26+01:00,2024-07-22T21:06:58+01:00,event,animal,,Capreolus capreolus,1.0,,,,,,,,,,,,machine,Western Europe v3,2024-12-21T02:14:15Z,0.9,,
Camera 2,2024-07-23T15:53:16+01:00,2024-07-23T15:53:16+01:00,event,animal,,Capreolus capreolus,1.0,,,,,,,,,,,,machine,Western Europe v3,2024-12-21T01:20:08Z,0.9,,
Camera 2,2024-07-23T16:02:48+01:00,2024-07-23T16:02:48+01:00,event,animal,,Capreolus capreolus,1.0,,,,,,,,,,,,machine,Western Europe v3,2024-12-21T02:11:57Z,0.9,,
Camera 2,2024-07-23T16:06:58+01:00,2024-07-23T16:06:58+01:00,event,animal,,Capreolus capreolus,1.0,,,,,,,,,,,,machine,Western Europe v3,2024-12-21T01:20:19Z,0.87,,
Camera 2,2024-07-23T16:09:22+01:00,2024-07-23T16:09:22+01:00,event,animal,,Capreolus capreolus,1.0,,,,,,,,,,,,machine,Western Europe v3,2024-12-21T01:20:30Z,0.87,,
Camera 2,2024-07-23T19:11:40+01:00,2024-07-23T19:11:40+01:00,event,animal,,Capreolus capreolus,1.0,,,,,,,,,,,,machine,Western Europe v3,2024-12-21T02:07:24Z,0.9,,
Camera 2,2024-07-23T19:15:16+01:00,2024-07-23T19:15:16+01:00,event,animal,,Capreolus capreolus,1.0,,,,,,,,,,,,machine,Western Europe v3,2024-12-21T01:20:56Z,0.9,,
Camera 2,2024-07-23T19:20:28+01:00,2024-07-23T19:20:54+01:00,event,animal,,Capreolus capreolus,1.0,,,,,,,,,,,,machine,Western Europe v3,2024-12-21T01:21:08Z,0.89,,
Camera 2,2024-07-24T13:54:10+01:00,2024-07-24T13:57:08+01:00,event,animal,,Capreolus capreolus,1.0,,,,,,,,,,,,machine,Western Europe v3,2024-12-21T02:14:01Z,0.89,,
Camera 2,2024-07-24T13:59:56+01:00,2024-07-24T13:59:56+01:00,event,animal,,Capreolus capreolus,1.0,,,,,,,,,,,,machine,Western Europe v3,2024-12-21T02:14:27Z,0.87,,
Camera 2,2024-07-24T15:30:56+01:00,2024-07-24T15:30:56+01:00,event,animal,,Capreolus capreolus,1.0,,,,,,,,,,,,machine,Western Europe v3,2024-12-21T02:09:02Z,0.88,,
Camera 2,2024-07-24T15:39:54+01:00,2024-07-24T15:39:54+01:00,event,animal,,Capreolus capreolus,1.0,,,,,,,,,,,,human,Max Philipp Dannnenbaum,2025-01-05T14:47:05Z,1.0,,
Camera 2,2024-07-24T17:45:52+01:00,2024-07-24T17:45:52+01:00,event,animal,,Capreolus capreolus,1.0,,,,,,,,,,,,human,Max Philipp Dannnenbaum,2025-01-05T14:47:19Z,1.0,,
Camera 2,2024-07-24T19:09:00+01:00,2024-07-24T19:09:00+01:00,event,animal,,Capreolus capreolus,1.0,,,,,,,,,,,,machine,Western Europe v3,2024-12-21T02:12:47Z,0.89,,
Camera 2,2024-07-24T19:11:12+01:00,2024-07-24T19:11:12+01:00,event,animal,,Capreolus capreolus,1.0,,,,,,,,,,,,machine,Western Europe v3,2024-12-21T01:21:18Z,0.9,,
Camera 2,2024-07-24T19:14:04+01:00,2024-07-24T19:14:04+01:00,event,animal,,Capreolus capreolus,1.0,,,,,,,,,,,,machine,Western Europe v3,2024-12-21T01:21:34Z,0.88,,
Camera 2,2024-07-24T21:58:16+01:00,2024-07-24T21:58:16+01:00,event,animal,,Capreolus capreolus,1.0,,,,,,,,,,,,human,Max Philipp Dannnenbaum,2025-01-05T14:47:51Z,1.0,,
Camera 2,2024-07-26T17:54:14+01:00,2024-07-26T17:54:50+01:00,event,animal,,Capreolus capreolus,1.0,,,,,,,,,,,,machine,Western Europe v3,2024-12-21T01:22:09Z,0.9,,
Camera 2,2024-07-26T18:05:26+01:00,2024-07-26T18:05:26+01:00,event,animal,,Capreolus capreolus,1.0,,,,,,,,,,,,machine,Western Europe v3,2024-12-21T02:09:13Z,0.83,,
Camera 2,2024-07-26T23:44:02+01:00,2024-07-26T23:44:02+01:00,event,animal,,Felis catus,1.0,,,,,,,,,,,,human,Max Philipp Dannnenbaum,2025-01-05T14:48:39Z,1.0,,
Camera 2,2024-07-27T22:09:44+01:00,2024-07-27T22:09:44+01:00,event,animal,,Capreolus capreolus,1.0,,,,,,,,,,,,machine,Western Europe v3,2024-12-21T01:22:48Z,0.91,,
Camera 2,2024-07-28T22:55:10+01:00,2024-07-28T22:55:10+01:00,event,animal,,Capreolus capreolus,1.0,,,,,,,,,,,,machine,Western Europe v3,2024-12-21T01:23:18Z,0.88,,
Camera 2,2024-07-28T22:59:56+01:00,2024-07-28T22:59:56+01:00,event,animal,,Capreolus capreolus,1.0,,,,,,,,,,,,machine,Western Europe v3,2024-12-21T01:23:29Z,0.9,,
Camera 2,2024-07-28T23:03:34+01:00,2024-07-28T23:03:34+01:00,event,animal,,Capreolus capreolus,1.0,,,,,,,,,,,,machine,Western Europe v3,2024-12-21T01:23:41Z,0.86,,
Camera 2,2024-07-28T23:08:46+01:00,2024-07-28T23:08:46+01:00,event,animal,,Capreolus capreolus,1.0,,,,,,,,,,,,machine,Western Europe v3,2024-12-21T02:00:20Z,0.9,,
Camera 2,2024-07-29T22:19:10+01:00,2024-07-29T22:19:10+01:00,event,animal,,Capreolus capreolus,1.0,,,,,,,,,,,,machine,Western Europe v3,2024-12-21T01:24:08Z,0.88,,
Camera 2,2024-07-29T22:54:10+01:00,2024-07-29T22:54:10+01:00,event,animal,,Capreolus capreolus,1.0,,,,,,,,,,,,machine,Western Europe v3,2024-12-21T01:23:52Z,0.88,,
Camera 2,2024-08-02T03:12:34+01:00,2024-08-02T03:12:34+01:00,event,animal,,Capreolus capreolus,1.0,,,,,,,,,,,,machine,Western Europe v3,2024-12-21T01:24:25Z,0.87,,
Camera 2,2024-08-02T16:19:30+01:00,2024-08-02T16:19:30+01:00,event,animal,,Capreolus capreolus,1.0,,,,,,,,,,,,machine,Western Europe v3,2024-12-21T02:14:39Z,0.89,,
Camera 2,2024-08-03T17:58:48+01:00,2024-08-03T17:58:48+01:00,event,animal,,Capreolus capreolus,1.0,,,,,,,,,,,,machine,Western Europe v3,2024-12-21T02:12:26Z,0.89,,
Camera 2,2024-08-05T23:11:02+01:00,2024-08-05T23:11:38+01:00,event,animal,,Capreolus capreolus,1.0,,,,,,,,,,,,machine,Western Europe v3,2024-12-21T02:16:23Z,0.86,,
Camera 2,2024-08-08T23:39:30+01:00,2024-08-08T23:39:30+01:00,event,animal,,Capreolus capreolus,1.0,,,,,,,,,,,,human,Max Philipp Dannnenbaum,2025-01-05T14:49:33Z,1.0,,
Camera 2,2024-08-08T23:48:40+01:00,2024-08-08T23:48:40+01:00,event,animal,,Capreolus capreolus,1.0,,,,,,,,,,,,machine,Western Europe v3,2024-12-21T01:25:33Z,0.9,,
Camera 2,2024-08-09T01:44:14+01:00,2024-08-09T01:44:14+01:00,event,animal,,Lepus europaeus,1.0,,,,,,,,,,,,machine,Western Europe v3,2024-12-21T01:25:18Z,0.86,,
Camera 2,2024-08-11T20:04:02+01:00,2024-08-11T20:04:02+01:00,event,animal,,Capreolus capreolus,1.0,,,,,,,,,,,,machine,Western Europe v3,2024-12-21T01:25:44Z,0.81,,
Camera 2,2024-08-15T04:29:56+01:00,2024-08-15T04:29:56+01:00,event,animal,,Capreolus capreolus,2.0,,,,,,,,,,,,human,Max Philipp Dannnenbaum,2025-01-05T14:52:42Z,1.0,,
Camera 2,2024-08-16T06:51:42+01:00,2024-08-16T06:51:42+01:00,event,animal,,Capreolus capreolus,1.0,,,,,,,,,,,,human,Max Philipp Dannnenbaum,2025-01-05T14:53:04Z,1.0,,
Camera 2,2024-09-14T00:01:48+01:00,2024-09-14T00:01:48+01:00,event,animal,,Cervus elaphus,1.0,,,,,,,,,,,,machine,Western Europe v3,2024-12-21T01:27:22Z,0.72,,
Camera 2,2024-09-27T02:35:22+01:00,2024-09-27T02:35:22+01:00,event,animal,,Capreolus capreolus,1.0,,,,,,,,,,,,human,Max Philipp Dannnenbaum,2025-01-05T14:53:42Z,1.0,,
Camera 2,2024-09-28T08:04:32+01:00,2024-09-28T08:04:32+01:00,event,animal,,Capreolus capreolus,1.0,,,,,,,,,,,,human,Max Philipp Dannnenbaum,2025-01-05T14:54:00Z,1.0,,
Camera 2,2024-09-28T08:06:48+01:00,2024-09-28T08:06:48+01:00,event,animal,,Felis,1.0,,,,,,,,,,,,machine,Western Europe v3,2024-12-21T02:19:46Z,0.71,,
Camera 2,2024-10-01T23:20:42+01:00,2024-10-01T23:20:42+01:00,event,animal,,Lepus europaeus,1.0,,,,,,,,,,,,machine,Western Europe v3,2024-12-21T01:28:06Z,0.82,,
Camera 2,2024-10-02T21:10:36+01:00,2024-10-02T21:10:36+01:00,event,animal,,Capreolus capreolus,1.0,,,,,,,,,,,,human,Max Philipp Dannnenbaum,2025-01-05T14:55:27Z,1.0,,
Camera 2,2024-10-29T03:26:52+01:00,2024-10-29T03:26:52+01:00,event,animal,,Capreolus capreolus,1.0,,,,,,,,,,,,human,Max Philipp Dannnenbaum,2025-01-05T14:56:17Z,1.0,,
Camera 2,2024-11-23T01:11:28+01:00,2024-11-23T01:11:28+01:00,event,animal,,Capreolus capreolus,1.0,,,,,,,,,,,,human,Max Philipp Dannnenbaum,2025-01-05T14:56:44Z,1.0,,
Camera 2,2024-11-29T07:41:36+01:00,2024-11-29T07:41:36+01:00,event,animal,,Capreolus capreolus,1.0,,,,,,,,,,,,human,Max Philipp Dannnenbaum,2025-01-05T14:57:05Z,1.0,,
